{
  "base": {
    "pdf": "C:\\Users\\absar\\Downloads\\2811 Kirby\\2811 Kirby\\2811 KIRBY QTO.pdf",
    "page_index": 3,
    "width": 3455.0400390625,
    "height": 2592.0,
    "rotation": 0
  },
  "elements": {
    "coping": {
      "total": 199.92,
      "segments": [
        [
          [
            1492.9403076171875,
            2261.71923828125
          ],
          [
            1781.77587890625,
            2261.488037109375
          ],
          [
            1781.522705078125,
            1824.100341796875
          ],
          [
            1673.3284912109375,
            1824.209716796875
          ],
          [
            1673.4407958984375,
            1689.34912109375
          ],
          [
            1781.3475341796875,
            1689.8175048828125
          ],
          [
            1781.5142822265625,
            965.4633178710938
          ]
        ],
        [
          [
            1781.3475341796875,
            965.4633178710938
          ],
          [
            1492.9403076171875,
            965.4633178710938
          ]
        ],
        [
          [
            1492.9403076171875,
            965.4633178710938
          ],
          [
            1492.9403076171875,
            2261.488037109375
          ]
        ],
        [
          [
            1654.6373291015625,
            1842.7200927734375
          ],
          [
            1654.8350830078125,
            1946.5074462890625
          ],
          [
            1763.6993408203125,
            1946.94482421875
          ]
        ]
      ]
    },
    "total_sf": {
      "total": 1109.23,
      "polygons": [
        [
          [
            1492.9403076171875,
            2261.71923828125
          ],
          [
            1781.3475341796875,
            2261.488037109375
          ],
          [
            1781.522705078125,
            1824.209716796875
          ],
          [
            1673.3284912109375,
            1824.100341796875
          ],
          [
            1673.4407958984375,
            1689.34912109375
          ],
          [
            1781.522705078125,
            1689.8175048828125
          ],
          [
            1781.3475341796875,
            965.4633178710938
          ],
          [
            1492.9403076171875,
            965.4633178710938
          ],
          [
            1492.9403076171875,
            2261.71923828125
          ]
        ],
        [
          [
            1640.3580322265625,
            1421.5042724609375
          ],
          [
            1640.1295166015625,
            1422.6522216796875
          ],
          [
            1639.479248046875,
            1423.6256103515625
          ],
          [
            1638.505859375,
            1424.2757568359375
          ],
          [
            1637.3580322265625,
            1424.5042724609375
          ],
          [
            1636.209716796875,
            1424.2757568359375
          ],
          [
            1635.2366943359375,
            1423.6256103515625
          ],
          [
            1634.5863037109375,
            1422.6522216796875
          ],
          [
            1634.3580322265625,
            1421.5042724609375
          ],
          [
            1634.586181640625,
            1420.3560791015625
          ],
          [
            1635.2366943359375,
            1419.3829345703125
          ],
          [
            1636.2098388671875,
            1418.7325439453125
          ],
          [
            1637.3580322265625,
            1418.5042724609375
          ],
          [
            1638.505859375,
            1418.7325439453125
          ],
          [
            1639.479248046875,
            1419.3829345703125
          ],
          [
            1640.1295166015625,
            1420.3560791015625
          ],
          [
            1640.3580322265625,
            1421.5042724609375
          ]
        ],
        [
          [
            818.400634765625,
            1588.76904296875
          ],
          [
            818.172119140625,
            1589.9168701171875
          ],
          [
            817.5219116210938,
            1590.8902587890625
          ],
          [
            816.5486450195312,
            1591.5406494140625
          ],
          [
            815.400634765625,
            1591.76904296875
          ],
          [
            814.2525634765625,
            1591.5404052734375
          ],
          [
            813.279296875,
            1590.8902587890625
          ],
          [
            812.62890625,
            1589.9169921875
          ],
          [
            812.400634765625,
            1588.76904296875
          ],
          [
            812.62890625,
            1587.6207275390625
          ],
          [
            813.279296875,
            1586.6475830078125
          ],
          [
            814.2525634765625,
            1585.997314453125
          ],
          [
            815.400634765625,
            1585.76904296875
          ],
          [
            816.5485229492188,
            1585.997314453125
          ],
          [
            817.5219116210938,
            1586.6475830078125
          ],
          [
            818.1721801757812,
            1587.62060546875
          ],
          [
            818.400634765625,
            1588.76904296875
          ]
        ]
      ]
    },
    "tanning_ledge": {
      "total": 290.47,
      "polygons": [
        [
          [
            1510.5184326171875,
            2243.19140625
          ],
          [
            1763.6993408203125,
            2243.688232421875
          ],
          [
            1763.6993408203125,
            1946.94482421875
          ],
          [
            1656.0919189453125,
            1946.94482421875
          ],
          [
            1656.0919189453125,
            1815.8726806640625
          ],
          [
            1510.5184326171875,
            1816.342041015625
          ],
          [
            1510.5184326171875,
            2243.19140625
          ]
        ]
      ]
    },
    "waterline": {
      "total": 180.17,
      "segments": [
        [
          [
            1510.5184326171875,
            2243.439453125
          ],
          [
            1763.6993408203125,
            2243.19140625
          ],
          [
            1763.6993408203125,
            1946.94482421875
          ],
          [
            1654.8350830078125,
            1946.5074462890625
          ],
          [
            1654.8350830078125,
            1671.26318359375
          ],
          [
            1763.6993408203125,
            1671.26318359375
          ],
          [
            1763.6993408203125,
            983.7615356445312
          ],
          [
            1510.5184326171875,
            983.7615356445312
          ],
          [
            1510.5184326171875,
            2243.688232421875
          ]
        ]
      ]
    },
    "bench": {
      "total": 43.29,
      "segments": [
        [
          [
            1538.7962646484375,
            983.7615356445312
          ],
          [
            1538.629638671875,
            1517.6795654296875
          ]
        ],
        [
          [
            1761.0872802734375,
            2224.657470703125
          ],
          [
            1515.880615234375,
            2226.886474609375
          ]
        ]
      ]
    },
    "steps": {
      "total": 48.39,